<?xml version="1.0" encoding="UTF-8"?>
<!DOCTYPE suite SYSTEM "http://testng.org/testng-1.0.dtd">
<suite name="Suite">
  <test thread-count="5" name="Test" verbose='5'>
    <classes>
      <class name="testcases.TC0001LoginAndLogout"/>
      <class name="testcases.TC0002_LoginWithInvalidCredential"/>
      <class name="testcases.TC0003_CreateEntityWithMandatoryField"/>
      <class name="testcases.TC0004_CreateUserWithAllField"/>
      <class name="testcases.TC0005_InActiveEntity"/>
      <class name="testcases.TC0006_InActiveUser"/>
      <class name="testcases.TC0007_CreateRoleWithAllFeature"/>
      <class name="testcases.TC0008_InActiveRole"/>

      </classes>
  </test> <!-- Test -->
</suite> <!-- Suite -->
